<?xml version="1.0" encoding="UTF-8"?>
<preferences>
 <debug showDebugMenu="0" />
 <systemtable>
  <columns>
   <connections preferredWidth="207" />
   <irq preferredWidth="34" />
   <name preferredWidth="192" />
  </columns>
 </systemtable>
 <clocktable>
  <columns>
   <clockname preferredWidth="222" />
   <clocksource preferredWidth="221" />
   <frequency preferredWidth="213" />
  </columns>
 </clocktable>
 <window width="1280" height="974" x="0" y="25" />
 <library expandedCategories="Library,Project" />
 <generation
   simulation="NONE"
   testbench_system="NONE"
   path="qsys"
   testbench_simulation="NONE"
   mixed_lang_testbench_simulation="0"
   block_symbol_file="1"
   synthesis="VERILOG" />
 <hdlexample language="VERILOG" />
</preferences>
